Insert into GEOGRAPHIC_LEVEL_TYPE (GEOGRAPHIC_LEVEL_TYPE) values ('UK');
Insert into GEOGRAPHIC_LEVEL_TYPE (GEOGRAPHIC_LEVEL_TYPE) values ('GB');
Insert into GEOGRAPHIC_LEVEL_TYPE (GEOGRAPHIC_LEVEL_TYPE) values ('EW');
Insert into GEOGRAPHIC_LEVEL_TYPE (GEOGRAPHIC_LEVEL_TYPE) values ('COUNTRY');
Insert into GEOGRAPHIC_LEVEL_TYPE (GEOGRAPHIC_LEVEL_TYPE) values ('REGION');
Insert into GEOGRAPHIC_LEVEL_TYPE (GEOGRAPHIC_LEVEL_TYPE) values ('COUNTY');
Insert into GEOGRAPHIC_LEVEL_TYPE (GEOGRAPHIC_LEVEL_TYPE) values ('LA');
Insert into GEOGRAPHIC_LEVEL_TYPE (GEOGRAPHIC_LEVEL_TYPE) values ('MSOA');
Insert into GEOGRAPHIC_LEVEL_TYPE (GEOGRAPHIC_LEVEL_TYPE) values ('WPC');
Insert into GEOGRAPHIC_LEVEL_TYPE (GEOGRAPHIC_LEVEL_TYPE) values ('NUTS0');
Insert into GEOGRAPHIC_LEVEL_TYPE (GEOGRAPHIC_LEVEL_TYPE) values ('NUTS1');
Insert into GEOGRAPHIC_LEVEL_TYPE (GEOGRAPHIC_LEVEL_TYPE) values ('NUTS2');
Insert into GEOGRAPHIC_LEVEL_TYPE (GEOGRAPHIC_LEVEL_TYPE) values ('NUTS3');

Insert into GEOGRAPHIC_AREA_TYPE (GEOGRAPHIC_AREA_TYPE) values ('UK');
Insert into GEOGRAPHIC_AREA_TYPE (GEOGRAPHIC_AREA_TYPE) values ('GB');
Insert into GEOGRAPHIC_AREA_TYPE (GEOGRAPHIC_AREA_TYPE) values ('EW');
Insert into GEOGRAPHIC_AREA_TYPE (GEOGRAPHIC_AREA_TYPE) values ('COUNTRY');
Insert into GEOGRAPHIC_AREA_TYPE (GEOGRAPHIC_AREA_TYPE) values ('REGION');
Insert into GEOGRAPHIC_AREA_TYPE (GEOGRAPHIC_AREA_TYPE) values ('COUNTY');
Insert into GEOGRAPHIC_AREA_TYPE (GEOGRAPHIC_AREA_TYPE) values ('METROPOLITAN COUNTY');
Insert into GEOGRAPHIC_AREA_TYPE (GEOGRAPHIC_AREA_TYPE) values ('UNITARY AUTHORITY');
Insert into GEOGRAPHIC_AREA_TYPE (GEOGRAPHIC_AREA_TYPE) values ('LONDON BOROUGH');
Insert into GEOGRAPHIC_AREA_TYPE (GEOGRAPHIC_AREA_TYPE) values ('INNER AND OUTER LONDON');
Insert into GEOGRAPHIC_AREA_TYPE (GEOGRAPHIC_AREA_TYPE) values ('NON-METROPOLITAN DISTRICT');
Insert into GEOGRAPHIC_AREA_TYPE (GEOGRAPHIC_AREA_TYPE) values ('METROPOLITAN DISTRICT');
Insert into GEOGRAPHIC_AREA_TYPE (GEOGRAPHIC_AREA_TYPE) values ('METROPOLITAN BOROUGH');
Insert into GEOGRAPHIC_AREA_TYPE (GEOGRAPHIC_AREA_TYPE) values ('COUNCIL AREA');
Insert into GEOGRAPHIC_AREA_TYPE (GEOGRAPHIC_AREA_TYPE) values ('MSOA');
Insert into GEOGRAPHIC_AREA_TYPE (GEOGRAPHIC_AREA_TYPE) values ('WPC');
Insert into GEOGRAPHIC_AREA_TYPE (GEOGRAPHIC_AREA_TYPE) values ('NUTS0');
Insert into GEOGRAPHIC_AREA_TYPE (GEOGRAPHIC_AREA_TYPE) values ('NUTS1');
Insert into GEOGRAPHIC_AREA_TYPE (GEOGRAPHIC_AREA_TYPE) values ('NUTS2');
Insert into GEOGRAPHIC_AREA_TYPE (GEOGRAPHIC_AREA_TYPE) values ('NUTS3');

Insert into GEOGRAPHIC_AREA_HIERARCHY (GEOGRAPHIC_AREA_HIERARCHY) values ('2011GPH');

Insert into GEOGRAPHIC_AREA (GEOGRAPHIC_AREA_ID, NAME, EXT_CODE, GEOGRAPHIC_AREA_HIERARCHY, GEOGRAPHIC_AREA_TYPE, GEOGRAPHIC_LEVEL_TYPE, REL_GEOGRAPHIC_AREA_ID) values (1000001,'England and Wales','K04000001','2011GPH','EW','EW',null);
Insert into GEOGRAPHIC_AREA (GEOGRAPHIC_AREA_ID, NAME, EXT_CODE, GEOGRAPHIC_AREA_HIERARCHY, GEOGRAPHIC_AREA_TYPE, GEOGRAPHIC_LEVEL_TYPE, REL_GEOGRAPHIC_AREA_ID) values (1000002,'England','E92000001','2011GPH','COUNTRY','COUNTRY',1000001);
Insert into GEOGRAPHIC_AREA (GEOGRAPHIC_AREA_ID, NAME, EXT_CODE, GEOGRAPHIC_AREA_HIERARCHY, GEOGRAPHIC_AREA_TYPE, GEOGRAPHIC_LEVEL_TYPE, REL_GEOGRAPHIC_AREA_ID) values (1000003,'Wales','W92000004','2011GPH','COUNTRY','COUNTRY',1000001);

Insert into GEOGRAPHIC_AREA_HIERARCHY (GEOGRAPHIC_AREA_HIERARCHY) values ('2013ADMIN');

Insert into GEOGRAPHIC_AREA (GEOGRAPHIC_AREA_ID, NAME, EXT_CODE, GEOGRAPHIC_AREA_HIERARCHY, GEOGRAPHIC_AREA_TYPE, GEOGRAPHIC_LEVEL_TYPE, REL_GEOGRAPHIC_AREA_ID) values (2000001,'United Kingdom','K02000001','2013ADMIN','UK','UK',null);
Insert into GEOGRAPHIC_AREA (GEOGRAPHIC_AREA_ID, NAME, EXT_CODE, GEOGRAPHIC_AREA_HIERARCHY, GEOGRAPHIC_AREA_TYPE, GEOGRAPHIC_LEVEL_TYPE, REL_GEOGRAPHIC_AREA_ID) values (2000002,'Great Britain','K03000001','2013ADMIN','GB','GB',2000001);
Insert into GEOGRAPHIC_AREA (GEOGRAPHIC_AREA_ID, NAME, EXT_CODE, GEOGRAPHIC_AREA_HIERARCHY, GEOGRAPHIC_AREA_TYPE, GEOGRAPHIC_LEVEL_TYPE, REL_GEOGRAPHIC_AREA_ID) values (2000003,'England and Wales','K04000001','2013ADMIN','EW','EW',2000001);

